InstanceType,vCPUs,MemoryGiB,AcceleratorName,AcceleratorCount,GpuInfo,Region,Price,SpotPrice
1x_A100-80GB_SECURE,4.0,80.0,A100-80GB,1.0,A100_80GB,US,1.99,
2x_A100-80GB_SECURE,8.0,160.0,A100-80GB,2.0,A100_80GB,US,3.98,
4x_A100-80GB_SECURE,16.0,320.0,A100-80GB,4.0,A100_80GB,US,7.96,
8x_A100-80GB_SECURE,32.0,640.0,A100-80GB,8.0,A100_80GB,US,15.92,
1x_A100-80GB_SECURE,4.0,80.0,A100-80GB,1.0,A100_80GB,NO,1.99,
2x_A100-80GB_SECURE,8.0,160.0,A100-80GB,2.0,A100_80GB,NO,3.98,
4x_A100-80GB_SECURE,16.0,320.0,A100-80GB,4.0,A100_80GB,NO,7.96,
8x_A100-80GB_SECURE,32.0,640.0,A100-80GB,8.0,A100_80GB,NO,15.92,
1x_A100-80GB_SECURE,4.0,80.0,A100-80GB,1.0,A100_80GB,CA,1.99,
2x_A100-80GB_SECURE,8.0,160.0,A100-80GB,2.0,A100_80GB,CA,3.98,
4x_A100-80GB_SECURE,16.0,320.0,A100-80GB,4.0,A100_80GB,CA,7.96,
8x_A100-80GB_SECURE,32.0,640.0,A100-80GB,8.0,A100_80GB,CA,15.92,
1x_A100-80GB_SECURE,4.0,80.0,A100-80GB,1.0,A100_80GB,SE,1.99,
2x_A100-80GB_SECURE,8.0,160.0,A100-80GB,2.0,A100_80GB,SE,3.98,
4x_A100-80GB_SECURE,16.0,320.0,A100-80GB,4.0,A100_80GB,SE,7.96,
8x_A100-80GB_SECURE,32.0,640.0,A100-80GB,8.0,A100_80GB,SE,15.92,
1x_A100-80GB_SECURE,4.0,80.0,A100-80GB,1.0,A100_80GB,IS,1.99,
2x_A100-80GB_SECURE,8.0,160.0,A100-80GB,2.0,A100_80GB,IS,3.98,
4x_A100-80GB_SECURE,16.0,320.0,A100-80GB,4.0,A100_80GB,IS,7.96,
8x_A100-80GB_SECURE,32.0,640.0,A100-80GB,8.0,A100_80GB,IS,15.92,
1x_A100-80GB_SECURE,4.0,80.0,A100-80GB,1.0,A100_80GB,FR,1.99,
2x_A100-80GB_SECURE,8.0,160.0,A100-80GB,2.0,A100_80GB,FR,3.98,
4x_A100-80GB_SECURE,16.0,320.0,A100-80GB,4.0,A100_80GB,FR,7.96,
8x_A100-80GB_SECURE,32.0,640.0,A100-80GB,8.0,A100_80GB,FR,15.92,
1x_A100-80GB_SECURE,4.0,80.0,A100-80GB,1.0,A100_80GB,RO,1.99,
2x_A100-80GB_SECURE,8.0,160.0,A100-80GB,2.0,A100_80GB,RO,3.98,
4x_A100-80GB_SECURE,16.0,320.0,A100-80GB,4.0,A100_80GB,RO,7.96,
8x_A100-80GB_SECURE,32.0,640.0,A100-80GB,8.0,A100_80GB,RO,15.92,
1x_A100-80GB_SECURE,4.0,80.0,A100-80GB,1.0,A100_80GB,CZ,1.99,
2x_A100-80GB_SECURE,8.0,160.0,A100-80GB,2.0,A100_80GB,CZ,3.98,
4x_A100-80GB_SECURE,16.0,320.0,A100-80GB,4.0,A100_80GB,CZ,7.96,
8x_A100-80GB_SECURE,32.0,640.0,A100-80GB,8.0,A100_80GB,CZ,15.92,
1x_A100-80GB_SECURE,4.0,80.0,A100-80GB,1.0,A100_80GB,HR,1.99,
2x_A100-80GB_SECURE,8.0,160.0,A100-80GB,2.0,A100_80GB,HR,3.98,
4x_A100-80GB_SECURE,16.0,320.0,A100-80GB,4.0,A100_80GB,HR,7.96,
8x_A100-80GB_SECURE,32.0,640.0,A100-80GB,8.0,A100_80GB,HR,15.92,
1x_A100-80GB_SECURE,4.0,80.0,A100-80GB,1.0,A100_80GB,NL,1.99,
2x_A100-80GB_SECURE,8.0,160.0,A100-80GB,2.0,A100_80GB,NL,3.98,
4x_A100-80GB_SECURE,16.0,320.0,A100-80GB,4.0,A100_80GB,NL,7.96,
8x_A100-80GB_SECURE,32.0,640.0,A100-80GB,8.0,A100_80GB,NL,15.92,
1x_A100-80GB_SECURE,4.0,80.0,A100-80GB,1.0,A100_80GB,BG,1.99,
2x_A100-80GB_SECURE,8.0,160.0,A100-80GB,2.0,A100_80GB,BG,3.98,
4x_A100-80GB_SECURE,16.0,320.0,A100-80GB,4.0,A100_80GB,BG,7.96,
8x_A100-80GB_SECURE,32.0,640.0,A100-80GB,8.0,A100_80GB,BG,15.92,
1x_A100-80GB-SXM4_SECURE,4.0,80.0,A100-80GB-SXM4,1.0,A100_SXM_80GB,US,2.19,
2x_A100-80GB-SXM4_SECURE,8.0,160.0,A100-80GB-SXM4,2.0,A100_SXM_80GB,US,4.38,
4x_A100-80GB-SXM4_SECURE,16.0,320.0,A100-80GB-SXM4,4.0,A100_SXM_80GB,US,8.76,
8x_A100-80GB-SXM4_SECURE,32.0,640.0,A100-80GB-SXM4,8.0,A100_SXM_80GB,US,17.52,
1x_A100-80GB-SXM4_SECURE,4.0,80.0,A100-80GB-SXM4,1.0,A100_SXM_80GB,NO,2.19,
2x_A100-80GB-SXM4_SECURE,8.0,160.0,A100-80GB-SXM4,2.0,A100_SXM_80GB,NO,4.38,
4x_A100-80GB-SXM4_SECURE,16.0,320.0,A100-80GB-SXM4,4.0,A100_SXM_80GB,NO,8.76,
8x_A100-80GB-SXM4_SECURE,32.0,640.0,A100-80GB-SXM4,8.0,A100_SXM_80GB,NO,17.52,
1x_A100-80GB-SXM4_SECURE,4.0,80.0,A100-80GB-SXM4,1.0,A100_SXM_80GB,CA,2.19,
2x_A100-80GB-SXM4_SECURE,8.0,160.0,A100-80GB-SXM4,2.0,A100_SXM_80GB,CA,4.38,
4x_A100-80GB-SXM4_SECURE,16.0,320.0,A100-80GB-SXM4,4.0,A100_SXM_80GB,CA,8.76,
8x_A100-80GB-SXM4_SECURE,32.0,640.0,A100-80GB-SXM4,8.0,A100_SXM_80GB,CA,17.52,
1x_A100-80GB-SXM4_SECURE,4.0,80.0,A100-80GB-SXM4,1.0,A100_SXM_80GB,SE,2.19,
2x_A100-80GB-SXM4_SECURE,8.0,160.0,A100-80GB-SXM4,2.0,A100_SXM_80GB,SE,4.38,
4x_A100-80GB-SXM4_SECURE,16.0,320.0,A100-80GB-SXM4,4.0,A100_SXM_80GB,SE,8.76,
8x_A100-80GB-SXM4_SECURE,32.0,640.0,A100-80GB-SXM4,8.0,A100_SXM_80GB,SE,17.52,
1x_A100-80GB-SXM4_SECURE,4.0,80.0,A100-80GB-SXM4,1.0,A100_SXM_80GB,IS,2.19,
2x_A100-80GB-SXM4_SECURE,8.0,160.0,A100-80GB-SXM4,2.0,A100_SXM_80GB,IS,4.38,
4x_A100-80GB-SXM4_SECURE,16.0,320.0,A100-80GB-SXM4,4.0,A100_SXM_80GB,IS,8.76,
8x_A100-80GB-SXM4_SECURE,32.0,640.0,A100-80GB-SXM4,8.0,A100_SXM_80GB,IS,17.52,
1x_A100-80GB-SXM4_SECURE,4.0,80.0,A100-80GB-SXM4,1.0,A100_SXM_80GB,FR,2.19,
2x_A100-80GB-SXM4_SECURE,8.0,160.0,A100-80GB-SXM4,2.0,A100_SXM_80GB,FR,4.38,
4x_A100-80GB-SXM4_SECURE,16.0,320.0,A100-80GB-SXM4,4.0,A100_SXM_80GB,FR,8.76,
8x_A100-80GB-SXM4_SECURE,32.0,640.0,A100-80GB-SXM4,8.0,A100_SXM_80GB,FR,17.52,
1x_A100-80GB-SXM4_SECURE,4.0,80.0,A100-80GB-SXM4,1.0,A100_SXM_80GB,RO,2.19,
2x_A100-80GB-SXM4_SECURE,8.0,160.0,A100-80GB-SXM4,2.0,A100_SXM_80GB,RO,4.38,
4x_A100-80GB-SXM4_SECURE,16.0,320.0,A100-80GB-SXM4,4.0,A100_SXM_80GB,RO,8.76,
8x_A100-80GB-SXM4_SECURE,32.0,640.0,A100-80GB-SXM4,8.0,A100_SXM_80GB,RO,17.52,
1x_A100-80GB-SXM4_SECURE,4.0,80.0,A100-80GB-SXM4,1.0,A100_SXM_80GB,CZ,2.19,
2x_A100-80GB-SXM4_SECURE,8.0,160.0,A100-80GB-SXM4,2.0,A100_SXM_80GB,CZ,4.38,
4x_A100-80GB-SXM4_SECURE,16.0,320.0,A100-80GB-SXM4,4.0,A100_SXM_80GB,CZ,8.76,
8x_A100-80GB-SXM4_SECURE,32.0,640.0,A100-80GB-SXM4,8.0,A100_SXM_80GB,CZ,17.52,
1x_A100-80GB-SXM4_SECURE,4.0,80.0,A100-80GB-SXM4,1.0,A100_SXM_80GB,HR,2.19,
2x_A100-80GB-SXM4_SECURE,8.0,160.0,A100-80GB-SXM4,2.0,A100_SXM_80GB,HR,4.38,
4x_A100-80GB-SXM4_SECURE,16.0,320.0,A100-80GB-SXM4,4.0,A100_SXM_80GB,HR,8.76,
8x_A100-80GB-SXM4_SECURE,32.0,640.0,A100-80GB-SXM4,8.0,A100_SXM_80GB,HR,17.52,
1x_A100-80GB-SXM4_SECURE,4.0,80.0,A100-80GB-SXM4,1.0,A100_SXM_80GB,NL,2.19,
2x_A100-80GB-SXM4_SECURE,8.0,160.0,A100-80GB-SXM4,2.0,A100_SXM_80GB,NL,4.38,
4x_A100-80GB-SXM4_SECURE,16.0,320.0,A100-80GB-SXM4,4.0,A100_SXM_80GB,NL,8.76,
8x_A100-80GB-SXM4_SECURE,32.0,640.0,A100-80GB-SXM4,8.0,A100_SXM_80GB,NL,17.52,
1x_A100-80GB-SXM4_SECURE,4.0,80.0,A100-80GB-SXM4,1.0,A100_SXM_80GB,BG,2.19,
2x_A100-80GB-SXM4_SECURE,8.0,160.0,A100-80GB-SXM4,2.0,A100_SXM_80GB,BG,4.38,
4x_A100-80GB-SXM4_SECURE,16.0,320.0,A100-80GB-SXM4,4.0,A100_SXM_80GB,BG,8.76,
8x_A100-80GB-SXM4_SECURE,32.0,640.0,A100-80GB-SXM4,8.0,A100_SXM_80GB,BG,17.52,
1x_A40_SECURE,4.0,48.0,A40,1.0,A40,US,0.79,
2x_A40_SECURE,8.0,96.0,A40,2.0,A40,US,1.58,
4x_A40_SECURE,16.0,192.0,A40,4.0,A40,US,3.16,
8x_A40_SECURE,32.0,384.0,A40,8.0,A40,US,6.32,
1x_A40_SECURE,4.0,48.0,A40,1.0,A40,NO,0.79,
2x_A40_SECURE,8.0,96.0,A40,2.0,A40,NO,1.58,
4x_A40_SECURE,16.0,192.0,A40,4.0,A40,NO,3.16,
8x_A40_SECURE,32.0,384.0,A40,8.0,A40,NO,6.32,
1x_A40_SECURE,4.0,48.0,A40,1.0,A40,CA,0.79,
2x_A40_SECURE,8.0,96.0,A40,2.0,A40,CA,1.58,
4x_A40_SECURE,16.0,192.0,A40,4.0,A40,CA,3.16,
8x_A40_SECURE,32.0,384.0,A40,8.0,A40,CA,6.32,
1x_A40_SECURE,4.0,48.0,A40,1.0,A40,SE,0.79,
2x_A40_SECURE,8.0,96.0,A40,2.0,A40,SE,1.58,
4x_A40_SECURE,16.0,192.0,A40,4.0,A40,SE,3.16,
8x_A40_SECURE,32.0,384.0,A40,8.0,A40,SE,6.32,
1x_A40_SECURE,4.0,48.0,A40,1.0,A40,IS,0.79,
2x_A40_SECURE,8.0,96.0,A40,2.0,A40,IS,1.58,
4x_A40_SECURE,16.0,192.0,A40,4.0,A40,IS,3.16,
8x_A40_SECURE,32.0,384.0,A40,8.0,A40,IS,6.32,
1x_A40_SECURE,4.0,48.0,A40,1.0,A40,FR,0.79,
2x_A40_SECURE,8.0,96.0,A40,2.0,A40,FR,1.58,
4x_A40_SECURE,16.0,192.0,A40,4.0,A40,FR,3.16,
8x_A40_SECURE,32.0,384.0,A40,8.0,A40,FR,6.32,
1x_A40_SECURE,4.0,48.0,A40,1.0,A40,RO,0.79,
2x_A40_SECURE,8.0,96.0,A40,2.0,A40,RO,1.58,
4x_A40_SECURE,16.0,192.0,A40,4.0,A40,RO,3.16,
8x_A40_SECURE,32.0,384.0,A40,8.0,A40,RO,6.32,
1x_A40_SECURE,4.0,48.0,A40,1.0,A40,CZ,0.79,
2x_A40_SECURE,8.0,96.0,A40,2.0,A40,CZ,1.58,
4x_A40_SECURE,16.0,192.0,A40,4.0,A40,CZ,3.16,
8x_A40_SECURE,32.0,384.0,A40,8.0,A40,CZ,6.32,
1x_A40_SECURE,4.0,48.0,A40,1.0,A40,HR,0.79,
2x_A40_SECURE,8.0,96.0,A40,2.0,A40,HR,1.58,
4x_A40_SECURE,16.0,192.0,A40,4.0,A40,HR,3.16,
8x_A40_SECURE,32.0,384.0,A40,8.0,A40,HR,6.32,
1x_A40_SECURE,4.0,48.0,A40,1.0,A40,NL,0.79,
2x_A40_SECURE,8.0,96.0,A40,2.0,A40,NL,1.58,
4x_A40_SECURE,16.0,192.0,A40,4.0,A40,NL,3.16,
8x_A40_SECURE,32.0,384.0,A40,8.0,A40,NL,6.32,
1x_A40_SECURE,4.0,48.0,A40,1.0,A40,BG,0.79,
2x_A40_SECURE,8.0,96.0,A40,2.0,A40,BG,1.58,
4x_A40_SECURE,16.0,192.0,A40,4.0,A40,BG,3.16,
8x_A40_SECURE,32.0,384.0,A40,8.0,A40,BG,6.32,
1x_RTX3090_SECURE,4.0,24.0,RTX3090,1.0,RTX_3090,US,0.44,
2x_RTX3090_SECURE,8.0,48.0,RTX3090,2.0,RTX_3090,US,0.88,
4x_RTX3090_SECURE,16.0,96.0,RTX3090,4.0,RTX_3090,US,1.76,
8x_RTX3090_SECURE,32.0,192.0,RTX3090,8.0,RTX_3090,US,3.52,
1x_RTX3090_SECURE,4.0,24.0,RTX3090,1.0,RTX_3090,NO,0.44,
2x_RTX3090_SECURE,8.0,48.0,RTX3090,2.0,RTX_3090,NO,0.88,
4x_RTX3090_SECURE,16.0,96.0,RTX3090,4.0,RTX_3090,NO,1.76,
8x_RTX3090_SECURE,32.0,192.0,RTX3090,8.0,RTX_3090,NO,3.52,
1x_RTX3090_SECURE,4.0,24.0,RTX3090,1.0,RTX_3090,CA,0.44,
2x_RTX3090_SECURE,8.0,48.0,RTX3090,2.0,RTX_3090,CA,0.88,
4x_RTX3090_SECURE,16.0,96.0,RTX3090,4.0,RTX_3090,CA,1.76,
8x_RTX3090_SECURE,32.0,192.0,RTX3090,8.0,RTX_3090,CA,3.52,
1x_RTX3090_SECURE,4.0,24.0,RTX3090,1.0,RTX_3090,SE,0.44,
2x_RTX3090_SECURE,8.0,48.0,RTX3090,2.0,RTX_3090,SE,0.88,
4x_RTX3090_SECURE,16.0,96.0,RTX3090,4.0,RTX_3090,SE,1.76,
8x_RTX3090_SECURE,32.0,192.0,RTX3090,8.0,RTX_3090,SE,3.52,
1x_RTX3090_SECURE,4.0,24.0,RTX3090,1.0,RTX_3090,IS,0.44,
2x_RTX3090_SECURE,8.0,48.0,RTX3090,2.0,RTX_3090,IS,0.88,
4x_RTX3090_SECURE,16.0,96.0,RTX3090,4.0,RTX_3090,IS,1.76,
8x_RTX3090_SECURE,32.0,192.0,RTX3090,8.0,RTX_3090,IS,3.52,
1x_RTX3090_SECURE,4.0,24.0,RTX3090,1.0,RTX_3090,FR,0.44,
2x_RTX3090_SECURE,8.0,48.0,RTX3090,2.0,RTX_3090,FR,0.88,
4x_RTX3090_SECURE,16.0,96.0,RTX3090,4.0,RTX_3090,FR,1.76,
8x_RTX3090_SECURE,32.0,192.0,RTX3090,8.0,RTX_3090,FR,3.52,
1x_RTX3090_SECURE,4.0,24.0,RTX3090,1.0,RTX_3090,RO,0.44,
2x_RTX3090_SECURE,8.0,48.0,RTX3090,2.0,RTX_3090,RO,0.88,
4x_RTX3090_SECURE,16.0,96.0,RTX3090,4.0,RTX_3090,RO,1.76,
8x_RTX3090_SECURE,32.0,192.0,RTX3090,8.0,RTX_3090,RO,3.52,
1x_RTX3090_SECURE,4.0,24.0,RTX3090,1.0,RTX_3090,CZ,0.44,
2x_RTX3090_SECURE,8.0,48.0,RTX3090,2.0,RTX_3090,CZ,0.88,
4x_RTX3090_SECURE,16.0,96.0,RTX3090,4.0,RTX_3090,CZ,1.76,
8x_RTX3090_SECURE,32.0,192.0,RTX3090,8.0,RTX_3090,CZ,3.52,
1x_RTX3090_SECURE,4.0,24.0,RTX3090,1.0,RTX_3090,HR,0.44,
2x_RTX3090_SECURE,8.0,48.0,RTX3090,2.0,RTX_3090,HR,0.88,
4x_RTX3090_SECURE,16.0,96.0,RTX3090,4.0,RTX_3090,HR,1.76,
8x_RTX3090_SECURE,32.0,192.0,RTX3090,8.0,RTX_3090,HR,3.52,
1x_RTX3090_SECURE,4.0,24.0,RTX3090,1.0,RTX_3090,NL,0.44,
2x_RTX3090_SECURE,8.0,48.0,RTX3090,2.0,RTX_3090,NL,0.88,
4x_RTX3090_SECURE,16.0,96.0,RTX3090,4.0,RTX_3090,NL,1.76,
8x_RTX3090_SECURE,32.0,192.0,RTX3090,8.0,RTX_3090,NL,3.52,
1x_RTX3090_SECURE,4.0,24.0,RTX3090,1.0,RTX_3090,BG,0.44,
2x_RTX3090_SECURE,8.0,48.0,RTX3090,2.0,RTX_3090,BG,0.88,
4x_RTX3090_SECURE,16.0,96.0,RTX3090,4.0,RTX_3090,BG,1.76,
8x_RTX3090_SECURE,32.0,192.0,RTX3090,8.0,RTX_3090,BG,3.52,
1x_RTX4090_SECURE,4.0,24.0,RTX4090,1.0,RTX_4090,US,0.74,0.49
2x_RTX4090_SECURE,8.0,48.0,RTX4090,2.0,RTX_4090,US,1.48,0.98
4x_RTX4090_SECURE,16.0,96.0,RTX4090,4.0,RTX_4090,US,2.96,1.96
8x_RTX4090_SECURE,32.0,192.0,RTX4090,8.0,RTX_4090,US,5.92,3.92
1x_RTX4090_SECURE,4.0,24.0,RTX4090,1.0,RTX_4090,NO,0.74,0.49
2x_RTX4090_SECURE,8.0,48.0,RTX4090,2.0,RTX_4090,NO,1.48,0.98
4x_RTX4090_SECURE,16.0,96.0,RTX4090,4.0,RTX_4090,NO,2.96,1.96
8x_RTX4090_SECURE,32.0,192.0,RTX4090,8.0,RTX_4090,NO,5.92,3.92
1x_RTX4090_SECURE,4.0,24.0,RTX4090,1.0,RTX_4090,CA,0.74,0.49
2x_RTX4090_SECURE,8.0,48.0,RTX4090,2.0,RTX_4090,CA,1.48,0.98
4x_RTX4090_SECURE,16.0,96.0,RTX4090,4.0,RTX_4090,CA,2.96,1.96
8x_RTX4090_SECURE,32.0,192.0,RTX4090,8.0,RTX_4090,CA,5.92,3.92
1x_RTX4090_SECURE,4.0,24.0,RTX4090,1.0,RTX_4090,SE,0.74,0.49
2x_RTX4090_SECURE,8.0,48.0,RTX4090,2.0,RTX_4090,SE,1.48,0.98
4x_RTX4090_SECURE,16.0,96.0,RTX4090,4.0,RTX_4090,SE,2.96,1.96
8x_RTX4090_SECURE,32.0,192.0,RTX4090,8.0,RTX_4090,SE,5.92,3.92
1x_RTX4090_SECURE,4.0,24.0,RTX4090,1.0,RTX_4090,IS,0.74,0.49
2x_RTX4090_SECURE,8.0,48.0,RTX4090,2.0,RTX_4090,IS,1.48,0.98
4x_RTX4090_SECURE,16.0,96.0,RTX4090,4.0,RTX_4090,IS,2.96,1.96
8x_RTX4090_SECURE,32.0,192.0,RTX4090,8.0,RTX_4090,IS,5.92,3.92
1x_RTX4090_SECURE,4.0,24.0,RTX4090,1.0,RTX_4090,FR,0.74,0.49
2x_RTX4090_SECURE,8.0,48.0,RTX4090,2.0,RTX_4090,FR,1.48,0.98
4x_RTX4090_SECURE,16.0,96.0,RTX4090,4.0,RTX_4090,FR,2.96,1.96
8x_RTX4090_SECURE,32.0,192.0,RTX4090,8.0,RTX_4090,FR,5.92,3.92
1x_RTX4090_SECURE,4.0,24.0,RTX4090,1.0,RTX_4090,RO,0.74,0.49
2x_RTX4090_SECURE,8.0,48.0,RTX4090,2.0,RTX_4090,RO,1.48,0.98
4x_RTX4090_SECURE,16.0,96.0,RTX4090,4.0,RTX_4090,RO,2.96,1.96
8x_RTX4090_SECURE,32.0,192.0,RTX4090,8.0,RTX_4090,RO,5.92,3.92
1x_RTX4090_SECURE,4.0,24.0,RTX4090,1.0,RTX_4090,CZ,0.74,0.49
2x_RTX4090_SECURE,8.0,48.0,RTX4090,2.0,RTX_4090,CZ,1.48,0.98
4x_RTX4090_SECURE,16.0,96.0,RTX4090,4.0,RTX_4090,CZ,2.96,1.96
8x_RTX4090_SECURE,32.0,192.0,RTX4090,8.0,RTX_4090,CZ,5.92,3.92
1x_RTX4090_SECURE,4.0,24.0,RTX4090,1.0,RTX_4090,HR,0.74,0.49
2x_RTX4090_SECURE,8.0,48.0,RTX4090,2.0,RTX_4090,HR,1.48,0.98
4x_RTX4090_SECURE,16.0,96.0,RTX4090,4.0,RTX_4090,HR,2.96,1.96
8x_RTX4090_SECURE,32.0,192.0,RTX4090,8.0,RTX_4090,HR,5.92,3.92
1x_RTX4090_SECURE,4.0,24.0,RTX4090,1.0,RTX_4090,NL,0.74,0.49
2x_RTX4090_SECURE,8.0,48.0,RTX4090,2.0,RTX_4090,NL,1.48,0.98
4x_RTX4090_SECURE,16.0,96.0,RTX4090,4.0,RTX_4090,NL,2.96,1.96
8x_RTX4090_SECURE,32.0,192.0,RTX4090,8.0,RTX_4090,NL,5.92,3.92
1x_RTX4090_SECURE,4.0,24.0,RTX4090,1.0,RTX_4090,BG,0.74,0.49
2x_RTX4090_SECURE,8.0,48.0,RTX4090,2.0,RTX_4090,BG,1.48,0.98
4x_RTX4090_SECURE,16.0,96.0,RTX4090,4.0,RTX_4090,BG,2.96,1.96
8x_RTX4090_SECURE,32.0,192.0,RTX4090,8.0,RTX_4090,BG,5.92,3.92
1x_H100-80GB-HBM3_SECURE,4.0,80.0,H100-80GB-HBM3,1.0,H100_80GB_SXM5,US,4.49,
2x_H100-80GB-HBM3_SECURE,8.0,160.0,H100-80GB-HBM3,2.0,H100_80GB_SXM5,US,8.98,
4x_H100-80GB-HBM3_SECURE,16.0,320.0,H100-80GB-HBM3,4.0,H100_80GB_SXM5,US,17.96,
8x_H100-80GB-HBM3_SECURE,32.0,640.0,H100-80GB-HBM3,8.0,H100_80GB_SXM5,US,35.92,
1x_H100-80GB-HBM3_SECURE,4.0,80.0,H100-80GB-HBM3,1.0,H100_80GB_SXM5,NO,4.49,
2x_H100-80GB-HBM3_SECURE,8.0,160.0,H100-80GB-HBM3,2.0,H100_80GB_SXM5,NO,8.98,
4x_H100-80GB-HBM3_SECURE,16.0,320.0,H100-80GB-HBM3,4.0,H100_80GB_SXM5,NO,17.96,
8x_H100-80GB-HBM3_SECURE,32.0,640.0,H100-80GB-HBM3,8.0,H100_80GB_SXM5,NO,35.92,
1x_H100-80GB-HBM3_SECURE,4.0,80.0,H100-80GB-HBM3,1.0,H100_80GB_SXM5,CA,4.49,
2x_H100-80GB-HBM3_SECURE,8.0,160.0,H100-80GB-HBM3,2.0,H100_80GB_SXM5,CA,8.98,
4x_H100-80GB-HBM3_SECURE,16.0,320.0,H100-80GB-HBM3,4.0,H100_80GB_SXM5,CA,17.96,
8x_H100-80GB-HBM3_SECURE,32.0,640.0,H100-80GB-HBM3,8.0,H100_80GB_SXM5,CA,35.92,
1x_H100-80GB-HBM3_SECURE,4.0,80.0,H100-80GB-HBM3,1.0,H100_80GB_SXM5,SE,4.49,
2x_H100-80GB-HBM3_SECURE,8.0,160.0,H100-80GB-HBM3,2.0,H100_80GB_SXM5,SE,8.98,
4x_H100-80GB-HBM3_SECURE,16.0,320.0,H100-80GB-HBM3,4.0,H100_80GB_SXM5,SE,17.96,
8x_H100-80GB-HBM3_SECURE,32.0,640.0,H100-80GB-HBM3,8.0,H100_80GB_SXM5,SE,35.92,
1x_H100-80GB-HBM3_SECURE,4.0,80.0,H100-80GB-HBM3,1.0,H100_80GB_SXM5,IS,4.49,
2x_H100-80GB-HBM3_SECURE,8.0,160.0,H100-80GB-HBM3,2.0,H100_80GB_SXM5,IS,8.98,
4x_H100-80GB-HBM3_SECURE,16.0,320.0,H100-80GB-HBM3,4.0,H100_80GB_SXM5,IS,17.96,
8x_H100-80GB-HBM3_SECURE,32.0,640.0,H100-80GB-HBM3,8.0,H100_80GB_SXM5,IS,35.92,
1x_H100-80GB-HBM3_SECURE,4.0,80.0,H100-80GB-HBM3,1.0,H100_80GB_SXM5,FR,4.49,
2x_H100-80GB-HBM3_SECURE,8.0,160.0,H100-80GB-HBM3,2.0,H100_80GB_SXM5,FR,8.98,
4x_H100-80GB-HBM3_SECURE,16.0,320.0,H100-80GB-HBM3,4.0,H100_80GB_SXM5,FR,17.96,
8x_H100-80GB-HBM3_SECURE,32.0,640.0,H100-80GB-HBM3,8.0,H100_80GB_SXM5,FR,35.92,
1x_H100-80GB-HBM3_SECURE,4.0,80.0,H100-80GB-HBM3,1.0,H100_80GB_SXM5,RO,4.49,
2x_H100-80GB-HBM3_SECURE,8.0,160.0,H100-80GB-HBM3,2.0,H100_80GB_SXM5,RO,8.98,
4x_H100-80GB-HBM3_SECURE,16.0,320.0,H100-80GB-HBM3,4.0,H100_80GB_SXM5,RO,17.96,
8x_H100-80GB-HBM3_SECURE,32.0,640.0,H100-80GB-HBM3,8.0,H100_80GB_SXM5,RO,35.92,
1x_H100-80GB-HBM3_SECURE,4.0,80.0,H100-80GB-HBM3,1.0,H100_80GB_SXM5,CZ,4.49,
2x_H100-80GB-HBM3_SECURE,8.0,160.0,H100-80GB-HBM3,2.0,H100_80GB_SXM5,CZ,8.98,
4x_H100-80GB-HBM3_SECURE,16.0,320.0,H100-80GB-HBM3,4.0,H100_80GB_SXM5,CZ,17.96,
8x_H100-80GB-HBM3_SECURE,32.0,640.0,H100-80GB-HBM3,8.0,H100_80GB_SXM5,CZ,35.92,
1x_H100-80GB-HBM3_SECURE,4.0,80.0,H100-80GB-HBM3,1.0,H100_80GB_SXM5,HR,4.49,
2x_H100-80GB-HBM3_SECURE,8.0,160.0,H100-80GB-HBM3,2.0,H100_80GB_SXM5,HR,8.98,
4x_H100-80GB-HBM3_SECURE,16.0,320.0,H100-80GB-HBM3,4.0,H100_80GB_SXM5,HR,17.96,
8x_H100-80GB-HBM3_SECURE,32.0,640.0,H100-80GB-HBM3,8.0,H100_80GB_SXM5,HR,35.92,
1x_H100-80GB-HBM3_SECURE,4.0,80.0,H100-80GB-HBM3,1.0,H100_80GB_SXM5,NL,4.49,
2x_H100-80GB-HBM3_SECURE,8.0,160.0,H100-80GB-HBM3,2.0,H100_80GB_SXM5,NL,8.98,
4x_H100-80GB-HBM3_SECURE,16.0,320.0,H100-80GB-HBM3,4.0,H100_80GB_SXM5,NL,17.96,
8x_H100-80GB-HBM3_SECURE,32.0,640.0,H100-80GB-HBM3,8.0,H100_80GB_SXM5,NL,35.92,
1x_H100-80GB-HBM3_SECURE,4.0,80.0,H100-80GB-HBM3,1.0,H100_80GB_SXM5,BG,4.49,
2x_H100-80GB-HBM3_SECURE,8.0,160.0,H100-80GB-HBM3,2.0,H100_80GB_SXM5,BG,8.98,
4x_H100-80GB-HBM3_SECURE,16.0,320.0,H100-80GB-HBM3,4.0,H100_80GB_SXM5,BG,17.96,
8x_H100-80GB-HBM3_SECURE,32.0,640.0,H100-80GB-HBM3,8.0,H100_80GB_SXM5,BG,35.92,
1x_H100-PCIe_SECURE,4.0,80.0,H100-PCIe,1.0,H100_80GB_PCIe,US,4.29,
2x_H100-PCIe_SECURE,8.0,160.0,H100-PCIe,2.0,H100_80GB_PCIe,US,8.58,
4x_H100-PCIe_SECURE,16.0,320.0,H100-PCIe,4.0,H100_80GB_PCIe,US,17.16,
8x_H100-PCIe_SECURE,32.0,640.0,H100-PCIe,8.0,H100_80GB_PCIe,US,34.32,
1x_H100-PCIe_SECURE,4.0,80.0,H100-PCIe,1.0,H100_80GB_PCIe,NO,4.29,
2x_H100-PCIe_SECURE,8.0,160.0,H100-PCIe,2.0,H100_80GB_PCIe,NO,8.58,
4x_H100-PCIe_SECURE,16.0,320.0,H100-PCIe,4.0,H100_80GB_PCIe,NO,17.16,
8x_H100-PCIe_SECURE,32.0,640.0,H100-PCIe,8.0,H100_80GB_PCIe,NO,34.32,
1x_H100-PCIe_SECURE,4.0,80.0,H100-PCIe,1.0,H100_80GB_PCIe,CA,4.29,
2x_H100-PCIe_SECURE,8.0,160.0,H100-PCIe,2.0,H100_80GB_PCIe,CA,8.58,
4x_H100-PCIe_SECURE,16.0,320.0,H100-PCIe,4.0,H100_80GB_PCIe,CA,17.16,
8x_H100-PCIe_SECURE,32.0,640.0,H100-PCIe,8.0,H100_80GB_PCIe,CA,34.32,
1x_H100-PCIe_SECURE,4.0,80.0,H100-PCIe,1.0,H100_80GB_PCIe,SE,4.29,
2x_H100-PCIe_SECURE,8.0,160.0,H100-PCIe,2.0,H100_80GB_PCIe,SE,8.58,
4x_H100-PCIe_SECURE,16.0,320.0,H100-PCIe,4.0,H100_80GB_PCIe,SE,17.16,
8x_H100-PCIe_SECURE,32.0,640.0,H100-PCIe,8.0,H100_80GB_PCIe,SE,34.32,
1x_H100-PCIe_SECURE,4.0,80.0,H100-PCIe,1.0,H100_80GB_PCIe,IS,4.29,
2x_H100-PCIe_SECURE,8.0,160.0,H100-PCIe,2.0,H100_80GB_PCIe,IS,8.58,
4x_H100-PCIe_SECURE,16.0,320.0,H100-PCIe,4.0,H100_80GB_PCIe,IS,17.16,
8x_H100-PCIe_SECURE,32.0,640.0,H100-PCIe,8.0,H100_80GB_PCIe,IS,34.32,
1x_H100-PCIe_SECURE,4.0,80.0,H100-PCIe,1.0,H100_80GB_PCIe,FR,4.29,
2x_H100-PCIe_SECURE,8.0,160.0,H100-PCIe,2.0,H100_80GB_PCIe,FR,8.58,
4x_H100-PCIe_SECURE,16.0,320.0,H100-PCIe,4.0,H100_80GB_PCIe,FR,17.16,
8x_H100-PCIe_SECURE,32.0,640.0,H100-PCIe,8.0,H100_80GB_PCIe,FR,34.32,
1x_H100-PCIe_SECURE,4.0,80.0,H100-PCIe,1.0,H100_80GB_PCIe,RO,4.29,
2x_H100-PCIe_SECURE,8.0,160.0,H100-PCIe,2.0,H100_80GB_PCIe,RO,8.58,
4x_H100-PCIe_SECURE,16.0,320.0,H100-PCIe,4.0,H100_80GB_PCIe,RO,17.16,
8x_H100-PCIe_SECURE,32.0,640.0,H100-PCIe,8.0,H100_80GB_PCIe,RO,34.32,
1x_H100-PCIe_SECURE,4.0,80.0,H100-PCIe,1.0,H100_80GB_PCIe,CZ,4.29,
2x_H100-PCIe_SECURE,8.0,160.0,H100-PCIe,2.0,H100_80GB_PCIe,CZ,8.58,
4x_H100-PCIe_SECURE,16.0,320.0,H100-PCIe,4.0,H100_80GB_PCIe,CZ,17.16,
8x_H100-PCIe_SECURE,32.0,640.0,H100-PCIe,8.0,H100_80GB_PCIe,CZ,34.32,
1x_H100-PCIe_SECURE,4.0,80.0,H100-PCIe,1.0,H100_80GB_PCIe,HR,4.29,
2x_H100-PCIe_SECURE,8.0,160.0,H100-PCIe,2.0,H100_80GB_PCIe,HR,8.58,
4x_H100-PCIe_SECURE,16.0,320.0,H100-PCIe,4.0,H100_80GB_PCIe,HR,17.16,
8x_H100-PCIe_SECURE,32.0,640.0,H100-PCIe,8.0,H100_80GB_PCIe,HR,34.32,
1x_H100-PCIe_SECURE,4.0,80.0,H100-PCIe,1.0,H100_80GB_PCIe,NL,4.29,
2x_H100-PCIe_SECURE,8.0,160.0,H100-PCIe,2.0,H100_80GB_PCIe,NL,8.58,
4x_H100-PCIe_SECURE,16.0,320.0,H100-PCIe,4.0,H100_80GB_PCIe,NL,17.16,
8x_H100-PCIe_SECURE,32.0,640.0,H100-PCIe,8.0,H100_80GB_PCIe,NL,34.32,
1x_H100-PCIe_SECURE,4.0,80.0,H100-PCIe,1.0,H100_80GB_PCIe,BG,4.29,
2x_H100-PCIe_SECURE,8.0,160.0,H100-PCIe,2.0,H100_80GB_PCIe,BG,8.58,
4x_H100-PCIe_SECURE,16.0,320.0,H100-PCIe,4.0,H100_80GB_PCIe,BG,17.16,
8x_H100-PCIe_SECURE,32.0,640.0,H100-PCIe,8.0,H100_80GB_PCIe,BG,34.32,
1x_L4_SECURE,4.0,24.0,L4,1.0,L4,US,0.44,
2x_L4_SECURE,8.0,48.0,L4,2.0,L4,US,0.88,
4x_L4_SECURE,16.0,96.0,L4,4.0,L4,US,1.76,
8x_L4_SECURE,32.0,192.0,L4,8.0,L4,US,3.52,
1x_L4_SECURE,4.0,24.0,L4,1.0,L4,NO,0.44,
2x_L4_SECURE,8.0,48.0,L4,2.0,L4,NO,0.88,
4x_L4_SECURE,16.0,96.0,L4,4.0,L4,NO,1.76,
8x_L4_SECURE,32.0,192.0,L4,8.0,L4,NO,3.52,
1x_L4_SECURE,4.0,24.0,L4,1.0,L4,CA,0.44,
2x_L4_SECURE,8.0,48.0,L4,2.0,L4,CA,0.88,
4x_L4_SECURE,16.0,96.0,L4,4.0,L4,CA,1.76,
8x_L4_SECURE,32.0,192.0,L4,8.0,L4,CA,3.52,
1x_L4_SECURE,4.0,24.0,L4,1.0,L4,SE,0.44,
2x_L4_SECURE,8.0,48.0,L4,2.0,L4,SE,0.88,
4x_L4_SECURE,16.0,96.0,L4,4.0,L4,SE,1.76,
8x_L4_SECURE,32.0,192.0,L4,8.0,L4,SE,3.52,
1x_L4_SECURE,4.0,24.0,L4,1.0,L4,IS,0.44,
2x_L4_SECURE,8.0,48.0,L4,2.0,L4,IS,0.88,
4x_L4_SECURE,16.0,96.0,L4,4.0,L4,IS,1.76,
8x_L4_SECURE,32.0,192.0,L4,8.0,L4,IS,3.52,
1x_L4_SECURE,4.0,24.0,L4,1.0,L4,FR,0.44,
2x_L4_SECURE,8.0,48.0,L4,2.0,L4,FR,0.88,
4x_L4_SECURE,16.0,96.0,L4,4.0,L4,FR,1.76,
8x_L4_SECURE,32.0,192.0,L4,8.0,L4,FR,3.52,
1x_L4_SECURE,4.0,24.0,L4,1.0,L4,RO,0.44,
2x_L4_SECURE,8.0,48.0,L4,2.0,L4,RO,0.88,
4x_L4_SECURE,16.0,96.0,L4,4.0,L4,RO,1.76,
8x_L4_SECURE,32.0,192.0,L4,8.0,L4,RO,3.52,
1x_L4_SECURE,4.0,24.0,L4,1.0,L4,CZ,0.44,
2x_L4_SECURE,8.0,48.0,L4,2.0,L4,CZ,0.88,
4x_L4_SECURE,16.0,96.0,L4,4.0,L4,CZ,1.76,
8x_L4_SECURE,32.0,192.0,L4,8.0,L4,CZ,3.52,
1x_L4_SECURE,4.0,24.0,L4,1.0,L4,HR,0.44,
2x_L4_SECURE,8.0,48.0,L4,2.0,L4,HR,0.88,
4x_L4_SECURE,16.0,96.0,L4,4.0,L4,HR,1.76,
8x_L4_SECURE,32.0,192.0,L4,8.0,L4,HR,3.52,
1x_L4_SECURE,4.0,24.0,L4,1.0,L4,NL,0.44,
2x_L4_SECURE,8.0,48.0,L4,2.0,L4,NL,0.88,
4x_L4_SECURE,16.0,96.0,L4,4.0,L4,NL,1.76,
8x_L4_SECURE,32.0,192.0,L4,8.0,L4,NL,3.52,
1x_L4_SECURE,4.0,24.0,L4,1.0,L4,BG,0.44,
2x_L4_SECURE,8.0,48.0,L4,2.0,L4,BG,0.88,
4x_L4_SECURE,16.0,96.0,L4,4.0,L4,BG,1.76,
8x_L4_SECURE,32.0,192.0,L4,8.0,L4,BG,3.52,
1x_L40_SECURE,4.0,48.0,L40,1.0,L40,US,1.14,0.69
2x_L40_SECURE,8.0,96.0,L40,2.0,L40,US,2.28,1.38
4x_L40_SECURE,16.0,192.0,L40,4.0,L40,US,4.56,2.76
8x_L40_SECURE,32.0,384.0,L40,8.0,L40,US,9.12,5.52
1x_L40_SECURE,4.0,48.0,L40,1.0,L40,NO,1.14,0.69
2x_L40_SECURE,8.0,96.0,L40,2.0,L40,NO,2.28,1.38
4x_L40_SECURE,16.0,192.0,L40,4.0,L40,NO,4.56,2.76
8x_L40_SECURE,32.0,384.0,L40,8.0,L40,NO,9.12,5.52
1x_L40_SECURE,4.0,48.0,L40,1.0,L40,CA,1.14,0.69
2x_L40_SECURE,8.0,96.0,L40,2.0,L40,CA,2.28,1.38
4x_L40_SECURE,16.0,192.0,L40,4.0,L40,CA,4.56,2.76
8x_L40_SECURE,32.0,384.0,L40,8.0,L40,CA,9.12,5.52
1x_L40_SECURE,4.0,48.0,L40,1.0,L40,SE,1.14,0.69
2x_L40_SECURE,8.0,96.0,L40,2.0,L40,SE,2.28,1.38
4x_L40_SECURE,16.0,192.0,L40,4.0,L40,SE,4.56,2.76
8x_L40_SECURE,32.0,384.0,L40,8.0,L40,SE,9.12,5.52
1x_L40_SECURE,4.0,48.0,L40,1.0,L40,IS,1.14,0.69
2x_L40_SECURE,8.0,96.0,L40,2.0,L40,IS,2.28,1.38
4x_L40_SECURE,16.0,192.0,L40,4.0,L40,IS,4.56,2.76
8x_L40_SECURE,32.0,384.0,L40,8.0,L40,IS,9.12,5.52
1x_L40_SECURE,4.0,48.0,L40,1.0,L40,FR,1.14,0.69
2x_L40_SECURE,8.0,96.0,L40,2.0,L40,FR,2.28,1.38
4x_L40_SECURE,16.0,192.0,L40,4.0,L40,FR,4.56,2.76
8x_L40_SECURE,32.0,384.0,L40,8.0,L40,FR,9.12,5.52
1x_L40_SECURE,4.0,48.0,L40,1.0,L40,RO,1.14,0.69
2x_L40_SECURE,8.0,96.0,L40,2.0,L40,RO,2.28,1.38
4x_L40_SECURE,16.0,192.0,L40,4.0,L40,RO,4.56,2.76
8x_L40_SECURE,32.0,384.0,L40,8.0,L40,RO,9.12,5.52
1x_L40_SECURE,4.0,48.0,L40,1.0,L40,CZ,1.14,0.69
2x_L40_SECURE,8.0,96.0,L40,2.0,L40,CZ,2.28,1.38
4x_L40_SECURE,16.0,192.0,L40,4.0,L40,CZ,4.56,2.76
8x_L40_SECURE,32.0,384.0,L40,8.0,L40,CZ,9.12,5.52
1x_L40_SECURE,4.0,48.0,L40,1.0,L40,HR,1.14,0.69
2x_L40_SECURE,8.0,96.0,L40,2.0,L40,HR,2.28,1.38
4x_L40_SECURE,16.0,192.0,L40,4.0,L40,HR,4.56,2.76
8x_L40_SECURE,32.0,384.0,L40,8.0,L40,HR,9.12,5.52
1x_L40_SECURE,4.0,48.0,L40,1.0,L40,NL,1.14,0.69
2x_L40_SECURE,8.0,96.0,L40,2.0,L40,NL,2.28,1.38
4x_L40_SECURE,16.0,192.0,L40,4.0,L40,NL,4.56,2.76
8x_L40_SECURE,32.0,384.0,L40,8.0,L40,NL,9.12,5.52
1x_L40_SECURE,4.0,48.0,L40,1.0,L40,BG,1.14,0.69
2x_L40_SECURE,8.0,96.0,L40,2.0,L40,BG,2.28,1.38
4x_L40_SECURE,16.0,192.0,L40,4.0,L40,BG,4.56,2.76
8x_L40_SECURE,32.0,384.0,L40,8.0,L40,BG,9.12,5.52
1x_RTX6000-Ada_SECURE,4.0,48.0,RTX6000-Ada,1.0,RTX_6000_Ada,US,1.14,
2x_RTX6000-Ada_SECURE,8.0,96.0,RTX6000-Ada,2.0,RTX_6000_Ada,US,2.28,
4x_RTX6000-Ada_SECURE,16.0,192.0,RTX6000-Ada,4.0,RTX_6000_Ada,US,4.56,
8x_RTX6000-Ada_SECURE,32.0,384.0,RTX6000-Ada,8.0,RTX_6000_Ada,US,9.12,
1x_RTX6000-Ada_SECURE,4.0,48.0,RTX6000-Ada,1.0,RTX_6000_Ada,NO,1.14,
2x_RTX6000-Ada_SECURE,8.0,96.0,RTX6000-Ada,2.0,RTX_6000_Ada,NO,2.28,
4x_RTX6000-Ada_SECURE,16.0,192.0,RTX6000-Ada,4.0,RTX_6000_Ada,NO,4.56,
8x_RTX6000-Ada_SECURE,32.0,384.0,RTX6000-Ada,8.0,RTX_6000_Ada,NO,9.12,
1x_RTX6000-Ada_SECURE,4.0,48.0,RTX6000-Ada,1.0,RTX_6000_Ada,CA,1.14,
2x_RTX6000-Ada_SECURE,8.0,96.0,RTX6000-Ada,2.0,RTX_6000_Ada,CA,2.28,
4x_RTX6000-Ada_SECURE,16.0,192.0,RTX6000-Ada,4.0,RTX_6000_Ada,CA,4.56,
8x_RTX6000-Ada_SECURE,32.0,384.0,RTX6000-Ada,8.0,RTX_6000_Ada,CA,9.12,
1x_RTX6000-Ada_SECURE,4.0,48.0,RTX6000-Ada,1.0,RTX_6000_Ada,SE,1.14,
2x_RTX6000-Ada_SECURE,8.0,96.0,RTX6000-Ada,2.0,RTX_6000_Ada,SE,2.28,
4x_RTX6000-Ada_SECURE,16.0,192.0,RTX6000-Ada,4.0,RTX_6000_Ada,SE,4.56,
8x_RTX6000-Ada_SECURE,32.0,384.0,RTX6000-Ada,8.0,RTX_6000_Ada,SE,9.12,
1x_RTX6000-Ada_SECURE,4.0,48.0,RTX6000-Ada,1.0,RTX_6000_Ada,IS,1.14,
2x_RTX6000-Ada_SECURE,8.0,96.0,RTX6000-Ada,2.0,RTX_6000_Ada,IS,2.28,
4x_RTX6000-Ada_SECURE,16.0,192.0,RTX6000-Ada,4.0,RTX_6000_Ada,IS,4.56,
8x_RTX6000-Ada_SECURE,32.0,384.0,RTX6000-Ada,8.0,RTX_6000_Ada,IS,9.12,
1x_RTX6000-Ada_SECURE,4.0,48.0,RTX6000-Ada,1.0,RTX_6000_Ada,FR,1.14,
2x_RTX6000-Ada_SECURE,8.0,96.0,RTX6000-Ada,2.0,RTX_6000_Ada,FR,2.28,
4x_RTX6000-Ada_SECURE,16.0,192.0,RTX6000-Ada,4.0,RTX_6000_Ada,FR,4.56,
8x_RTX6000-Ada_SECURE,32.0,384.0,RTX6000-Ada,8.0,RTX_6000_Ada,FR,9.12,
1x_RTX6000-Ada_SECURE,4.0,48.0,RTX6000-Ada,1.0,RTX_6000_Ada,RO,1.14,
2x_RTX6000-Ada_SECURE,8.0,96.0,RTX6000-Ada,2.0,RTX_6000_Ada,RO,2.28,
4x_RTX6000-Ada_SECURE,16.0,192.0,RTX6000-Ada,4.0,RTX_6000_Ada,RO,4.56,
8x_RTX6000-Ada_SECURE,32.0,384.0,RTX6000-Ada,8.0,RTX_6000_Ada,RO,9.12,
1x_RTX6000-Ada_SECURE,4.0,48.0,RTX6000-Ada,1.0,RTX_6000_Ada,CZ,1.14,
2x_RTX6000-Ada_SECURE,8.0,96.0,RTX6000-Ada,2.0,RTX_6000_Ada,CZ,2.28,
4x_RTX6000-Ada_SECURE,16.0,192.0,RTX6000-Ada,4.0,RTX_6000_Ada,CZ,4.56,
8x_RTX6000-Ada_SECURE,32.0,384.0,RTX6000-Ada,8.0,RTX_6000_Ada,CZ,9.12,
1x_RTX6000-Ada_SECURE,4.0,48.0,RTX6000-Ada,1.0,RTX_6000_Ada,HR,1.14,
2x_RTX6000-Ada_SECURE,8.0,96.0,RTX6000-Ada,2.0,RTX_6000_Ada,HR,2.28,
4x_RTX6000-Ada_SECURE,16.0,192.0,RTX6000-Ada,4.0,RTX_6000_Ada,HR,4.56,
8x_RTX6000-Ada_SECURE,32.0,384.0,RTX6000-Ada,8.0,RTX_6000_Ada,HR,9.12,
1x_RTX6000-Ada_SECURE,4.0,48.0,RTX6000-Ada,1.0,RTX_6000_Ada,NL,1.14,
2x_RTX6000-Ada_SECURE,8.0,96.0,RTX6000-Ada,2.0,RTX_6000_Ada,NL,2.28,
4x_RTX6000-Ada_SECURE,16.0,192.0,RTX6000-Ada,4.0,RTX_6000_Ada,NL,4.56,
8x_RTX6000-Ada_SECURE,32.0,384.0,RTX6000-Ada,8.0,RTX_6000_Ada,NL,9.12,
1x_RTX6000-Ada_SECURE,4.0,48.0,RTX6000-Ada,1.0,RTX_6000_Ada,BG,1.14,
2x_RTX6000-Ada_SECURE,8.0,96.0,RTX6000-Ada,2.0,RTX_6000_Ada,BG,2.28,
4x_RTX6000-Ada_SECURE,16.0,192.0,RTX6000-Ada,4.0,RTX_6000_Ada,BG,4.56,
8x_RTX6000-Ada_SECURE,32.0,384.0,RTX6000-Ada,8.0,RTX_6000_Ada,BG,9.12,
1x_RTXA4000_SECURE,4.0,16.0,RTXA4000,1.0,RTX_A4000,US,0.34,
2x_RTXA4000_SECURE,8.0,32.0,RTXA4000,2.0,RTX_A4000,US,0.68,
4x_RTXA4000_SECURE,16.0,64.0,RTXA4000,4.0,RTX_A4000,US,1.36,
8x_RTXA4000_SECURE,32.0,128.0,RTXA4000,8.0,RTX_A4000,US,2.72,
1x_RTXA4000_SECURE,4.0,16.0,RTXA4000,1.0,RTX_A4000,NO,0.34,
2x_RTXA4000_SECURE,8.0,32.0,RTXA4000,2.0,RTX_A4000,NO,0.68,
4x_RTXA4000_SECURE,16.0,64.0,RTXA4000,4.0,RTX_A4000,NO,1.36,
8x_RTXA4000_SECURE,32.0,128.0,RTXA4000,8.0,RTX_A4000,NO,2.72,
1x_RTXA4000_SECURE,4.0,16.0,RTXA4000,1.0,RTX_A4000,CA,0.34,
2x_RTXA4000_SECURE,8.0,32.0,RTXA4000,2.0,RTX_A4000,CA,0.68,
4x_RTXA4000_SECURE,16.0,64.0,RTXA4000,4.0,RTX_A4000,CA,1.36,
8x_RTXA4000_SECURE,32.0,128.0,RTXA4000,8.0,RTX_A4000,CA,2.72,
1x_RTXA4000_SECURE,4.0,16.0,RTXA4000,1.0,RTX_A4000,SE,0.34,
2x_RTXA4000_SECURE,8.0,32.0,RTXA4000,2.0,RTX_A4000,SE,0.68,
4x_RTXA4000_SECURE,16.0,64.0,RTXA4000,4.0,RTX_A4000,SE,1.36,
8x_RTXA4000_SECURE,32.0,128.0,RTXA4000,8.0,RTX_A4000,SE,2.72,
1x_RTXA4000_SECURE,4.0,16.0,RTXA4000,1.0,RTX_A4000,IS,0.34,
2x_RTXA4000_SECURE,8.0,32.0,RTXA4000,2.0,RTX_A4000,IS,0.68,
4x_RTXA4000_SECURE,16.0,64.0,RTXA4000,4.0,RTX_A4000,IS,1.36,
8x_RTXA4000_SECURE,32.0,128.0,RTXA4000,8.0,RTX_A4000,IS,2.72,
1x_RTXA4000_SECURE,4.0,16.0,RTXA4000,1.0,RTX_A4000,FR,0.34,
2x_RTXA4000_SECURE,8.0,32.0,RTXA4000,2.0,RTX_A4000,FR,0.68,
4x_RTXA4000_SECURE,16.0,64.0,RTXA4000,4.0,RTX_A4000,FR,1.36,
8x_RTXA4000_SECURE,32.0,128.0,RTXA4000,8.0,RTX_A4000,FR,2.72,
1x_RTXA4000_SECURE,4.0,16.0,RTXA4000,1.0,RTX_A4000,RO,0.34,
2x_RTXA4000_SECURE,8.0,32.0,RTXA4000,2.0,RTX_A4000,RO,0.68,
4x_RTXA4000_SECURE,16.0,64.0,RTXA4000,4.0,RTX_A4000,RO,1.36,
8x_RTXA4000_SECURE,32.0,128.0,RTXA4000,8.0,RTX_A4000,RO,2.72,
1x_RTXA4000_SECURE,4.0,16.0,RTXA4000,1.0,RTX_A4000,CZ,0.34,
2x_RTXA4000_SECURE,8.0,32.0,RTXA4000,2.0,RTX_A4000,CZ,0.68,
4x_RTXA4000_SECURE,16.0,64.0,RTXA4000,4.0,RTX_A4000,CZ,1.36,
8x_RTXA4000_SECURE,32.0,128.0,RTXA4000,8.0,RTX_A4000,CZ,2.72,
1x_RTXA4000_SECURE,4.0,16.0,RTXA4000,1.0,RTX_A4000,HR,0.34,
2x_RTXA4000_SECURE,8.0,32.0,RTXA4000,2.0,RTX_A4000,HR,0.68,
4x_RTXA4000_SECURE,16.0,64.0,RTXA4000,4.0,RTX_A4000,HR,1.36,
8x_RTXA4000_SECURE,32.0,128.0,RTXA4000,8.0,RTX_A4000,HR,2.72,
1x_RTXA4000_SECURE,4.0,16.0,RTXA4000,1.0,RTX_A4000,NL,0.34,
2x_RTXA4000_SECURE,8.0,32.0,RTXA4000,2.0,RTX_A4000,NL,0.68,
4x_RTXA4000_SECURE,16.0,64.0,RTXA4000,4.0,RTX_A4000,NL,1.36,
8x_RTXA4000_SECURE,32.0,128.0,RTXA4000,8.0,RTX_A4000,NL,2.72,
1x_RTXA4000_SECURE,4.0,16.0,RTXA4000,1.0,RTX_A4000,BG,0.34,
2x_RTXA4000_SECURE,8.0,32.0,RTXA4000,2.0,RTX_A4000,BG,0.68,
4x_RTXA4000_SECURE,16.0,64.0,RTXA4000,4.0,RTX_A4000,BG,1.36,
8x_RTXA4000_SECURE,32.0,128.0,RTXA4000,8.0,RTX_A4000,BG,2.72,
1x_RTXA4500_SECURE,4.0,20.0,RTXA4500,1.0,RTX_A4500,US,0.36,0.22
2x_RTXA4500_SECURE,8.0,40.0,RTXA4500,2.0,RTX_A4500,US,0.72,0.44
4x_RTXA4500_SECURE,16.0,80.0,RTXA4500,4.0,RTX_A4500,US,1.44,0.88
8x_RTXA4500_SECURE,32.0,160.0,RTXA4500,8.0,RTX_A4500,US,2.88,1.76
1x_RTXA4500_SECURE,4.0,20.0,RTXA4500,1.0,RTX_A4500,NO,0.36,0.22
2x_RTXA4500_SECURE,8.0,40.0,RTXA4500,2.0,RTX_A4500,NO,0.72,0.44
4x_RTXA4500_SECURE,16.0,80.0,RTXA4500,4.0,RTX_A4500,NO,1.44,0.88
8x_RTXA4500_SECURE,32.0,160.0,RTXA4500,8.0,RTX_A4500,NO,2.88,1.76
1x_RTXA4500_SECURE,4.0,20.0,RTXA4500,1.0,RTX_A4500,CA,0.36,0.22
2x_RTXA4500_SECURE,8.0,40.0,RTXA4500,2.0,RTX_A4500,CA,0.72,0.44
4x_RTXA4500_SECURE,16.0,80.0,RTXA4500,4.0,RTX_A4500,CA,1.44,0.88
8x_RTXA4500_SECURE,32.0,160.0,RTXA4500,8.0,RTX_A4500,CA,2.88,1.76
1x_RTXA4500_SECURE,4.0,20.0,RTXA4500,1.0,RTX_A4500,SE,0.36,0.22
2x_RTXA4500_SECURE,8.0,40.0,RTXA4500,2.0,RTX_A4500,SE,0.72,0.44
4x_RTXA4500_SECURE,16.0,80.0,RTXA4500,4.0,RTX_A4500,SE,1.44,0.88
8x_RTXA4500_SECURE,32.0,160.0,RTXA4500,8.0,RTX_A4500,SE,2.88,1.76
1x_RTXA4500_SECURE,4.0,20.0,RTXA4500,1.0,RTX_A4500,IS,0.36,0.22
2x_RTXA4500_SECURE,8.0,40.0,RTXA4500,2.0,RTX_A4500,IS,0.72,0.44
4x_RTXA4500_SECURE,16.0,80.0,RTXA4500,4.0,RTX_A4500,IS,1.44,0.88
8x_RTXA4500_SECURE,32.0,160.0,RTXA4500,8.0,RTX_A4500,IS,2.88,1.76
1x_RTXA4500_SECURE,4.0,20.0,RTXA4500,1.0,RTX_A4500,FR,0.36,0.22
2x_RTXA4500_SECURE,8.0,40.0,RTXA4500,2.0,RTX_A4500,FR,0.72,0.44
4x_RTXA4500_SECURE,16.0,80.0,RTXA4500,4.0,RTX_A4500,FR,1.44,0.88
8x_RTXA4500_SECURE,32.0,160.0,RTXA4500,8.0,RTX_A4500,FR,2.88,1.76
1x_RTXA4500_SECURE,4.0,20.0,RTXA4500,1.0,RTX_A4500,RO,0.36,0.22
2x_RTXA4500_SECURE,8.0,40.0,RTXA4500,2.0,RTX_A4500,RO,0.72,0.44
4x_RTXA4500_SECURE,16.0,80.0,RTXA4500,4.0,RTX_A4500,RO,1.44,0.88
8x_RTXA4500_SECURE,32.0,160.0,RTXA4500,8.0,RTX_A4500,RO,2.88,1.76
1x_RTXA4500_SECURE,4.0,20.0,RTXA4500,1.0,RTX_A4500,CZ,0.36,0.22
2x_RTXA4500_SECURE,8.0,40.0,RTXA4500,2.0,RTX_A4500,CZ,0.72,0.44
4x_RTXA4500_SECURE,16.0,80.0,RTXA4500,4.0,RTX_A4500,CZ,1.44,0.88
8x_RTXA4500_SECURE,32.0,160.0,RTXA4500,8.0,RTX_A4500,CZ,2.88,1.76
1x_RTXA4500_SECURE,4.0,20.0,RTXA4500,1.0,RTX_A4500,HR,0.36,0.22
2x_RTXA4500_SECURE,8.0,40.0,RTXA4500,2.0,RTX_A4500,HR,0.72,0.44
4x_RTXA4500_SECURE,16.0,80.0,RTXA4500,4.0,RTX_A4500,HR,1.44,0.88
8x_RTXA4500_SECURE,32.0,160.0,RTXA4500,8.0,RTX_A4500,HR,2.88,1.76
1x_RTXA4500_SECURE,4.0,20.0,RTXA4500,1.0,RTX_A4500,NL,0.36,0.22
2x_RTXA4500_SECURE,8.0,40.0,RTXA4500,2.0,RTX_A4500,NL,0.72,0.44
4x_RTXA4500_SECURE,16.0,80.0,RTXA4500,4.0,RTX_A4500,NL,1.44,0.88
8x_RTXA4500_SECURE,32.0,160.0,RTXA4500,8.0,RTX_A4500,NL,2.88,1.76
1x_RTXA4500_SECURE,4.0,20.0,RTXA4500,1.0,RTX_A4500,BG,0.36,0.22
2x_RTXA4500_SECURE,8.0,40.0,RTXA4500,2.0,RTX_A4500,BG,0.72,0.44
4x_RTXA4500_SECURE,16.0,80.0,RTXA4500,4.0,RTX_A4500,BG,1.44,0.88
8x_RTXA4500_SECURE,32.0,160.0,RTXA4500,8.0,RTX_A4500,BG,2.88,1.76
1x_RTXA5000_SECURE,4.0,24.0,RTXA5000,1.0,RTX_A5000,US,0.44,
2x_RTXA5000_SECURE,8.0,48.0,RTXA5000,2.0,RTX_A5000,US,0.88,
4x_RTXA5000_SECURE,16.0,96.0,RTXA5000,4.0,RTX_A5000,US,1.76,
8x_RTXA5000_SECURE,32.0,192.0,RTXA5000,8.0,RTX_A5000,US,3.52,
1x_RTXA5000_SECURE,4.0,24.0,RTXA5000,1.0,RTX_A5000,NO,0.44,
2x_RTXA5000_SECURE,8.0,48.0,RTXA5000,2.0,RTX_A5000,NO,0.88,
4x_RTXA5000_SECURE,16.0,96.0,RTXA5000,4.0,RTX_A5000,NO,1.76,
8x_RTXA5000_SECURE,32.0,192.0,RTXA5000,8.0,RTX_A5000,NO,3.52,
1x_RTXA5000_SECURE,4.0,24.0,RTXA5000,1.0,RTX_A5000,CA,0.44,
2x_RTXA5000_SECURE,8.0,48.0,RTXA5000,2.0,RTX_A5000,CA,0.88,
4x_RTXA5000_SECURE,16.0,96.0,RTXA5000,4.0,RTX_A5000,CA,1.76,
8x_RTXA5000_SECURE,32.0,192.0,RTXA5000,8.0,RTX_A5000,CA,3.52,
1x_RTXA5000_SECURE,4.0,24.0,RTXA5000,1.0,RTX_A5000,SE,0.44,
2x_RTXA5000_SECURE,8.0,48.0,RTXA5000,2.0,RTX_A5000,SE,0.88,
4x_RTXA5000_SECURE,16.0,96.0,RTXA5000,4.0,RTX_A5000,SE,1.76,
8x_RTXA5000_SECURE,32.0,192.0,RTXA5000,8.0,RTX_A5000,SE,3.52,
1x_RTXA5000_SECURE,4.0,24.0,RTXA5000,1.0,RTX_A5000,IS,0.44,
2x_RTXA5000_SECURE,8.0,48.0,RTXA5000,2.0,RTX_A5000,IS,0.88,
4x_RTXA5000_SECURE,16.0,96.0,RTXA5000,4.0,RTX_A5000,IS,1.76,
8x_RTXA5000_SECURE,32.0,192.0,RTXA5000,8.0,RTX_A5000,IS,3.52,
1x_RTXA5000_SECURE,4.0,24.0,RTXA5000,1.0,RTX_A5000,FR,0.44,
2x_RTXA5000_SECURE,8.0,48.0,RTXA5000,2.0,RTX_A5000,FR,0.88,
4x_RTXA5000_SECURE,16.0,96.0,RTXA5000,4.0,RTX_A5000,FR,1.76,
8x_RTXA5000_SECURE,32.0,192.0,RTXA5000,8.0,RTX_A5000,FR,3.52,
1x_RTXA5000_SECURE,4.0,24.0,RTXA5000,1.0,RTX_A5000,RO,0.44,
2x_RTXA5000_SECURE,8.0,48.0,RTXA5000,2.0,RTX_A5000,RO,0.88,
4x_RTXA5000_SECURE,16.0,96.0,RTXA5000,4.0,RTX_A5000,RO,1.76,
8x_RTXA5000_SECURE,32.0,192.0,RTXA5000,8.0,RTX_A5000,RO,3.52,
1x_RTXA5000_SECURE,4.0,24.0,RTXA5000,1.0,RTX_A5000,CZ,0.44,
2x_RTXA5000_SECURE,8.0,48.0,RTXA5000,2.0,RTX_A5000,CZ,0.88,
4x_RTXA5000_SECURE,16.0,96.0,RTXA5000,4.0,RTX_A5000,CZ,1.76,
8x_RTXA5000_SECURE,32.0,192.0,RTXA5000,8.0,RTX_A5000,CZ,3.52,
1x_RTXA5000_SECURE,4.0,24.0,RTXA5000,1.0,RTX_A5000,HR,0.44,
2x_RTXA5000_SECURE,8.0,48.0,RTXA5000,2.0,RTX_A5000,HR,0.88,
4x_RTXA5000_SECURE,16.0,96.0,RTXA5000,4.0,RTX_A5000,HR,1.76,
8x_RTXA5000_SECURE,32.0,192.0,RTXA5000,8.0,RTX_A5000,HR,3.52,
1x_RTXA5000_SECURE,4.0,24.0,RTXA5000,1.0,RTX_A5000,NL,0.44,
2x_RTXA5000_SECURE,8.0,48.0,RTXA5000,2.0,RTX_A5000,NL,0.88,
4x_RTXA5000_SECURE,16.0,96.0,RTXA5000,4.0,RTX_A5000,NL,1.76,
8x_RTXA5000_SECURE,32.0,192.0,RTXA5000,8.0,RTX_A5000,NL,3.52,
1x_RTXA5000_SECURE,4.0,24.0,RTXA5000,1.0,RTX_A5000,BG,0.44,
2x_RTXA5000_SECURE,8.0,48.0,RTXA5000,2.0,RTX_A5000,BG,0.88,
4x_RTXA5000_SECURE,16.0,96.0,RTXA5000,4.0,RTX_A5000,BG,1.76,
8x_RTXA5000_SECURE,32.0,192.0,RTXA5000,8.0,RTX_A5000,BG,3.52,
1x_RTXA6000_SECURE,4.0,48.0,RTXA6000,1.0,RTX_A6000,US,0.79,0.49
2x_RTXA6000_SECURE,8.0,96.0,RTXA6000,2.0,RTX_A6000,US,1.58,0.98
4x_RTXA6000_SECURE,16.0,192.0,RTXA6000,4.0,RTX_A6000,US,3.16,1.96
8x_RTXA6000_SECURE,32.0,384.0,RTXA6000,8.0,RTX_A6000,US,6.32,3.92
1x_RTXA6000_SECURE,4.0,48.0,RTXA6000,1.0,RTX_A6000,NO,0.79,0.49
2x_RTXA6000_SECURE,8.0,96.0,RTXA6000,2.0,RTX_A6000,NO,1.58,0.98
4x_RTXA6000_SECURE,16.0,192.0,RTXA6000,4.0,RTX_A6000,NO,3.16,1.96
8x_RTXA6000_SECURE,32.0,384.0,RTXA6000,8.0,RTX_A6000,NO,6.32,3.92
1x_RTXA6000_SECURE,4.0,48.0,RTXA6000,1.0,RTX_A6000,CA,0.79,0.49
2x_RTXA6000_SECURE,8.0,96.0,RTXA6000,2.0,RTX_A6000,CA,1.58,0.98
4x_RTXA6000_SECURE,16.0,192.0,RTXA6000,4.0,RTX_A6000,CA,3.16,1.96
8x_RTXA6000_SECURE,32.0,384.0,RTXA6000,8.0,RTX_A6000,CA,6.32,3.92
1x_RTXA6000_SECURE,4.0,48.0,RTXA6000,1.0,RTX_A6000,SE,0.79,0.49
2x_RTXA6000_SECURE,8.0,96.0,RTXA6000,2.0,RTX_A6000,SE,1.58,0.98
4x_RTXA6000_SECURE,16.0,192.0,RTXA6000,4.0,RTX_A6000,SE,3.16,1.96
8x_RTXA6000_SECURE,32.0,384.0,RTXA6000,8.0,RTX_A6000,SE,6.32,3.92
1x_RTXA6000_SECURE,4.0,48.0,RTXA6000,1.0,RTX_A6000,IS,0.79,0.49
2x_RTXA6000_SECURE,8.0,96.0,RTXA6000,2.0,RTX_A6000,IS,1.58,0.98
4x_RTXA6000_SECURE,16.0,192.0,RTXA6000,4.0,RTX_A6000,IS,3.16,1.96
8x_RTXA6000_SECURE,32.0,384.0,RTXA6000,8.0,RTX_A6000,IS,6.32,3.92
1x_RTXA6000_SECURE,4.0,48.0,RTXA6000,1.0,RTX_A6000,FR,0.79,0.49
2x_RTXA6000_SECURE,8.0,96.0,RTXA6000,2.0,RTX_A6000,FR,1.58,0.98
4x_RTXA6000_SECURE,16.0,192.0,RTXA6000,4.0,RTX_A6000,FR,3.16,1.96
8x_RTXA6000_SECURE,32.0,384.0,RTXA6000,8.0,RTX_A6000,FR,6.32,3.92
1x_RTXA6000_SECURE,4.0,48.0,RTXA6000,1.0,RTX_A6000,RO,0.79,0.49
2x_RTXA6000_SECURE,8.0,96.0,RTXA6000,2.0,RTX_A6000,RO,1.58,0.98
4x_RTXA6000_SECURE,16.0,192.0,RTXA6000,4.0,RTX_A6000,RO,3.16,1.96
8x_RTXA6000_SECURE,32.0,384.0,RTXA6000,8.0,RTX_A6000,RO,6.32,3.92
1x_RTXA6000_SECURE,4.0,48.0,RTXA6000,1.0,RTX_A6000,CZ,0.79,0.49
2x_RTXA6000_SECURE,8.0,96.0,RTXA6000,2.0,RTX_A6000,CZ,1.58,0.98
4x_RTXA6000_SECURE,16.0,192.0,RTXA6000,4.0,RTX_A6000,CZ,3.16,1.96
8x_RTXA6000_SECURE,32.0,384.0,RTXA6000,8.0,RTX_A6000,CZ,6.32,3.92
1x_RTXA6000_SECURE,4.0,48.0,RTXA6000,1.0,RTX_A6000,HR,0.79,0.49
2x_RTXA6000_SECURE,8.0,96.0,RTXA6000,2.0,RTX_A6000,HR,1.58,0.98
4x_RTXA6000_SECURE,16.0,192.0,RTXA6000,4.0,RTX_A6000,HR,3.16,1.96
8x_RTXA6000_SECURE,32.0,384.0,RTXA6000,8.0,RTX_A6000,HR,6.32,3.92
1x_RTXA6000_SECURE,4.0,48.0,RTXA6000,1.0,RTX_A6000,NL,0.79,0.49
2x_RTXA6000_SECURE,8.0,96.0,RTXA6000,2.0,RTX_A6000,NL,1.58,0.98
4x_RTXA6000_SECURE,16.0,192.0,RTXA6000,4.0,RTX_A6000,NL,3.16,1.96
8x_RTXA6000_SECURE,32.0,384.0,RTXA6000,8.0,RTX_A6000,NL,6.32,3.92
1x_RTXA6000_SECURE,4.0,48.0,RTXA6000,1.0,RTX_A6000,BG,0.79,0.49
2x_RTXA6000_SECURE,8.0,96.0,RTXA6000,2.0,RTX_A6000,BG,1.58,0.98
4x_RTXA6000_SECURE,16.0,192.0,RTXA6000,4.0,RTX_A6000,BG,3.16,1.96
8x_RTXA6000_SECURE,32.0,384.0,RTXA6000,8.0,RTX_A6000,BG,6.32,3.92
